timestamp,step,frame_age_s,header_age_s,raw_a0,raw_a1,raw_a2,scaled_x,scaled_y,scaled_wz,clamped_x,clamped_y,clamped_wz,armed,route,status
1786592102.279583,0,nan,nan,,,,,,,,,,0,top,no_frame
1786592102.390499,0,0.0642,0.0781,-1.000000,0.639095,-1.000000,-0.500000,0.319548,-1.500000,-0.150000,0.150000,-0.500000,0,top,disarmed
1786592102.500132,1,0.0349,0.0451,-1.000000,0.639095,-1.000000,-0.500000,0.319548,-1.500000,-0.150000,0.150000,-0.500000,0,top,disarmed
1786592102.600180,2,0.1348,0.1451,-1.000000,0.639095,-1.000000,-0.500000,0.319548,-1.500000,-0.150000,0.150000,-0.500000,0,top,disarmed
1786592102.696774,3,0.0267,0.0456,-1.000000,0.639095,-1.000000,-0.500000,0.319548,-1.500000,-0.150000,0.150000,-0.500000,0,top,disarmed
1786592102.808273,4,0.0676,0.0869,-1.000000,0.639095,-1.000000,-0.500000,0.319548,-1.500000,-0.150000,0.150000,-0.500000,0,top,disarmed
1786592102.893886,5,0.0306,0.0457,-1.000000,0.639095,-1.000000,-0.500000,0.319548,-1.500000,-0.150000,0.150000,-0.500000,0,top,disarmed
1786592102.986696,6,0.0026,0.0126,-1.000000,0.639095,-1.000000,-0.500000,0.319548,-1.500000,-0.150000,0.150000,-0.500000,0,top,disarmed
1786592103.090805,7,0.0255,0.0455,-1.000000,0.639095,-1.000000,-0.500000,0.319548,-1.500000,-0.150000,0.150000,-0.500000,0,top,disarmed
1786592103.187345,8,0.0698,0.0782,-1.000000,0.639095,-1.000000,-0.500000,0.319548,-1.500000,-0.150000,0.150000,-0.500000,0,top,disarmed
1786592103.290781,9,0.0357,0.0445,-1.000000,0.639095,-1.000000,-0.500000,0.319548,-1.500000,-0.150000,0.150000,-0.500000,0,top,disarmed
1786592103.385826,10,0.0032,0.0118,-1.000000,0.639095,-1.000000,-0.500000,0.319548,-1.500000,-0.150000,0.150000,-0.500000,0,top,disarmed
1786592103.485788,11,0.0332,0.0452,-1.000000,0.639095,-1.000000,-0.500000,0.319548,-1.500000,-0.150000,0.150000,-0.500000,0,top,disarmed
1786592103.585999,12,0.0058,0.0122,-1.000000,0.639095,-1.000000,-0.500000,0.319548,-1.500000,-0.150000,0.150000,-0.500000,0,top,disarmed
1786592103.686909,13,0.0327,0.0460,-1.000000,0.639095,-1.000000,-0.500000,0.319548,-1.500000,-0.150000,0.150000,-0.500000,0,top,disarmed
1786592103.786083,14,0.0036,0.0123,-1.000000,0.639095,-1.000000,-0.500000,0.319548,-1.500000,-0.150000,0.150000,-0.500000,0,top,disarmed
1786592103.888507,15,0.1037,0.1123,-1.000000,0.639095,-1.000000,-0.500000,0.319548,-1.500000,-0.150000,0.150000,-0.500000,0,top,disarmed
1786592103.986335,16,0.0027,0.0117,-1.000000,0.639095,-1.000000,-0.500000,0.319548,-1.500000,-0.150000,0.150000,-0.500000,0,top,disarmed
1786592104.086545,17,0.0342,0.0455,-1.000000,0.639095,-1.000000,-0.500000,0.319548,-1.500000,-0.150000,0.150000,-0.500000,0,top,disarmed
1786592104.188475,18,0.0723,0.0793,-1.000000,0.639095,-1.000000,-0.500000,0.319548,-1.500000,-0.150000,0.150000,-0.500000,0,top,disarmed
1786592104.289180,19,0.1718,0.1788,-1.000000,0.639095,-1.000000,-0.500000,0.319548,-1.500000,-0.150000,0.150000,-0.500000,0,top,disarmed
1786592104.386861,20,0.0035,0.0117,-1.000000,0.639095,-1.000000,-0.500000,0.319548,-1.500000,-0.150000,0.150000,-0.500000,0,top,disarmed
1786592104.489828,21,0.0338,0.0464,-1.000000,0.639095,-1.000000,-0.500000,0.319548,-1.500000,-0.150000,0.150000,-0.500000,0,top,disarmed
1786592104.586072,22,0.0722,0.0788,-1.000000,0.639095,-1.000000,-0.500000,0.319548,-1.500000,-0.150000,0.150000,-0.500000,0,top,disarmed
1786592104.686688,23,0.0392,0.0456,-1.000000,0.639095,-1.000000,-0.500000,0.319548,-1.500000,-0.150000,0.150000,-0.500000,0,top,disarmed
1786592104.792306,24,0.0691,0.0785,-1.000000,0.639095,-1.000000,-0.500000,0.319548,-1.500000,-0.150000,0.150000,-0.500000,0,top,disarmed
1786592104.889870,25,0.0385,0.0456,-1.000000,0.639095,-1.000000,-0.500000,0.319548,-1.500000,-0.150000,0.150000,-0.500000,0,top,disarmed
1786592104.994234,26,0.0018,0.0135,-1.000000,0.639095,-1.000000,-0.500000,0.319548,-1.500000,-0.150000,0.150000,-0.500000,0,top,disarmed
1786592105.086339,27,0.0333,0.0454,-1.000000,0.639095,-1.000000,-0.500000,0.319548,-1.500000,-0.150000,0.150000,-0.500000,0,top,disarmed
1786592105.190662,28,0.0748,0.0820,-1.000000,0.639095,-1.000000,-0.500000,0.319548,-1.500000,-0.150000,0.150000,-0.500000,0,top,disarmed
1786592105.314746,29,0.0976,0.1127,-1.000000,0.639095,-1.000000,-0.500000,0.319548,-1.500000,-0.150000,0.150000,-0.500000,0,top,disarmed
1786592105.387306,30,0.0647,0.0792,-1.000000,0.639095,-1.000000,-0.500000,0.319548,-1.500000,-0.150000,0.150000,-0.500000,0,top,disarmed
1786592105.495619,31,0.0378,0.0456,-1.000000,0.639095,-1.000000,-0.500000,0.319548,-1.500000,-0.150000,0.150000,-0.500000,0,top,disarmed
1786592105.586002,32,0.0020,0.0121,-1.000000,0.639095,-1.000000,-0.500000,0.319548,-1.500000,-0.150000,0.150000,-0.500000,0,top,disarmed
1786592105.688111,33,0.0270,0.0453,-1.000000,0.639095,-1.000000,-0.500000,0.319548,-1.500000,-0.150000,0.150000,-0.500000,0,top,disarmed
1786592105.788568,34,0.0018,0.0128,-1.000000,0.639095,-1.000000,-0.500000,0.319548,-1.500000,-0.150000,0.150000,-0.500000,0,top,disarmed
1786592105.889089,35,0.0304,0.0460,-1.000000,0.639095,-1.000000,-0.500000,0.319548,-1.500000,-0.150000,0.150000,-0.500000,0,top,disarmed
1786592105.986981,36,0.0052,0.0116,-1.000000,0.639095,-1.000000,-0.500000,0.319548,-1.500000,-0.150000,0.150000,-0.500000,0,top,disarmed
1786592106.095209,37,0.0238,0.0438,-1.000000,0.639095,-1.000000,-0.500000,0.319548,-1.500000,-0.150000,0.150000,-0.500000,0,top,disarmed
1786592106.191818,38,0.0681,0.0793,-1.000000,0.639095,-1.000000,-0.500000,0.319548,-1.500000,-0.150000,0.150000,-0.500000,0,top,disarmed
1786592106.287298,39,0.0279,0.0458,-1.000000,0.639095,-1.000000,-0.500000,0.319548,-1.500000,-0.150000,0.150000,-0.500000,0,top,disarmed
1786592106.386008,40,0.0057,0.0119,-1.000000,0.639095,-1.000000,-0.500000,0.319548,-1.500000,-0.150000,0.150000,-0.500000,0,top,disarmed
1786592106.489324,41,0.0327,0.0456,-1.000000,0.639095,-1.000000,-0.500000,0.319548,-1.500000,-0.150000,0.150000,-0.500000,0,top,disarmed
1786592106.586741,42,0.0049,0.0123,-1.000000,0.639095,-1.000000,-0.500000,0.319548,-1.500000,-0.150000,0.150000,-0.500000,0,top,disarmed
1786592106.688426,43,0.0327,0.0459,-1.000000,0.639095,-1.000000,-0.500000,0.319548,-1.500000,-0.150000,0.150000,-0.500000,0,top,disarmed
1786592106.786459,44,0.0048,0.0121,-1.000000,0.639095,-1.000000,-0.500000,0.319548,-1.500000,-0.150000,0.150000,-0.500000,0,top,disarmed
1786592106.885945,45,0.0313,0.0449,-1.000000,0.639095,-1.000000,-0.500000,0.319548,-1.500000,-0.150000,0.150000,-0.500000,0,top,disarmed
1786592106.985926,46,0.0054,0.0119,-1.000000,0.639095,-1.000000,-0.500000,0.319548,-1.500000,-0.150000,0.150000,-0.500000,0,top,disarmed
1786592107.085817,47,0.0342,0.0455,-1.000000,0.639095,-1.000000,-0.500000,0.319548,-1.500000,-0.150000,0.150000,-0.500000,0,top,disarmed
1786592107.187432,48,0.0043,0.0118,-1.000000,0.639095,-1.000000,-0.500000,0.319548,-1.500000,-0.150000,0.150000,-0.500000,0,top,disarmed
1786592107.286854,49,0.0349,0.0455,-1.000000,0.639095,-1.000000,-0.500000,0.319548,-1.500000,-0.150000,0.150000,-0.500000,0,top,disarmed
1786592107.390938,50,0.0038,0.0121,-1.000000,0.639095,-1.000000,-0.500000,0.319548,-1.500000,-0.150000,0.150000,-0.500000,0,top,disarmed
1786592107.495875,51,0.0280,0.0448,-1.000000,0.639095,-1.000000,-0.500000,0.319548,-1.500000,-0.150000,0.150000,-0.500000,0,top,disarmed
1786592107.588279,52,0.0729,0.0796,-1.000000,0.639095,-1.000000,-0.500000,0.319548,-1.500000,-0.150000,0.150000,-0.500000,0,top,disarmed
1786592107.687920,53,0.0366,0.0448,-1.000000,0.639095,-1.000000,-0.500000,0.319548,-1.500000,-0.150000,0.150000,-0.500000,0,top,disarmed
1786592107.801816,54,0.0020,0.0192,-1.000000,0.639095,-1.000000,-0.500000,0.319548,-1.500000,-0.150000,0.150000,-0.500000,0,top,disarmed
1786592107.902785,55,0.0953,0.1126,-1.000000,0.639095,-1.000000,-0.500000,0.319548,-1.500000,-0.150000,0.150000,-0.500000,0,top,disarmed
1786592107.990788,56,0.1952,0.2125,-1.000000,0.639095,-1.000000,-0.500000,0.319548,-1.500000,-0.150000,0.150000,-0.500000,0,top,disarmed
1786592108.101804,57,0.2950,0.3122,-1.000000,0.639095,-1.000000,-0.500000,0.319548,-1.500000,-0.150000,0.150000,-0.500000,0,top,disarmed
1786592108.211849,58,0.0784,0.0961,-1.000000,0.639095,-1.000000,-0.500000,0.319548,-1.500000,-0.150000,0.150000,-0.500000,0,top,disarmed
1786592108.301497,59,0.0252,0.0453,-1.000000,0.639095,-1.000000,-0.500000,0.319548,-1.500000,-0.150000,0.150000,-0.500000,0,top,disarmed
1786592108.403390,60,0.0661,0.0782,-1.000000,0.639095,-1.000000,-0.500000,0.319548,-1.500000,-0.150000,0.150000,-0.500000,0,top,disarmed
1786592108.493971,61,0.0329,0.0454,-1.000000,0.639095,-1.000000,-0.500000,0.319548,-1.500000,-0.150000,0.150000,-0.500000,0,top,disarmed
1786592108.591856,62,0.0724,0.0819,-1.000000,0.639095,-1.000000,-0.500000,0.319548,-1.500000,-0.150000,0.150000,-0.500000,0,top,disarmed
1786592108.694421,63,0.0332,0.0457,-1.000000,0.639095,-1.000000,-0.500000,0.319548,-1.500000,-0.150000,0.150000,-0.500000,0,top,disarmed
1786592108.792029,64,0.0698,0.0791,-1.000000,0.639095,-1.000000,-0.500000,0.319548,-1.500000,-0.150000,0.150000,-0.500000,0,top,disarmed
1786592108.901328,65,0.0218,0.0460,-1.000000,0.639095,-1.000000,-0.500000,0.319548,-1.500000,-0.150000,0.150000,-0.500000,0,top,disarmed
1786592108.995021,66,0.0706,0.0816,-1.000000,0.639095,-1.000000,-0.500000,0.319548,-1.500000,-0.150000,0.150000,-0.500000,0,top,disarmed
1786592109.093604,67,0.0307,0.0455,-1.000000,0.639095,-1.000000,-0.500000,0.319548,-1.500000,-0.150000,0.150000,-0.500000,0,top,disarmed
1786592109.192414,68,0.0700,0.0790,-1.000000,0.639095,-1.000000,-0.500000,0.319548,-1.500000,-0.150000,0.150000,-0.500000,0,top,disarmed
