global_step,success,success_slab_top,success_slab_bottom,ep_len,mean_return,hazard_steps,approx_kl,sps
8192,nan,nan,nan,nan,nan,nan,0.013210276141762733,1072
16384,nan,nan,nan,nan,nan,nan,0.0301114022731781,1071
24576,nan,nan,nan,nan,nan,nan,0.0033897743560373783,1010
32768,nan,nan,nan,nan,nan,nan,0.01382342167198658,874
40960,0.0,0.0,0.0,599.0,-2.459896767511964,0.0,0.010274142026901245,813
49152,0.0,0.0,0.0,599.0,-2.459896767511964,0.0,0.02479080855846405,773
57344,0.0,0.0,0.0,599.0,-2.459896767511964,0.0,0.02179262973368168,747
65536,0.0,0.0,0.0,599.0,-2.459896767511964,0.0,0.0074651772156357765,730
73728,0.0,0.0,0.0,599.0,-2.459896767511964,0.0,0.00654936209321022,718
81920,0.0,0.0,0.0,599.0,-2.632120182514191,1.38,0.014942243695259094,710
90112,0.0,0.0,0.0,599.0,-2.632120182514191,1.38,0.009729582816362381,703
98304,0.0,0.0,0.0,599.0,-2.632120182514191,1.38,0.003353784792125225,696
106496,0.0,0.0,0.0,599.0,-2.632120182514191,1.38,0.004271254409104586,691
114688,0.0,0.0,0.0,599.0,-2.632120182514191,1.38,0.006652381271123886,687
122880,0.0,0.0,0.0,599.0,-2.278429620265961,1.08,0.01035345159471035,684
131072,0.0,0.0,0.0,599.0,-2.278429620265961,1.08,0.002978296484798193,681
139264,0.0,0.0,0.0,599.0,-2.278429620265961,1.08,0.008809437043964863,677
147456,0.0,0.0,0.0,599.0,-2.278429620265961,1.08,0.004785085562616587,674
155648,0.0,0.0,0.0,599.0,-2.1681447517871857,1.08,0.010923134163022041,672
163840,0.0,0.0,0.0,599.0,-2.1681447517871857,1.08,0.005066010169684887,670
172032,0.0,0.0,0.0,599.0,-2.1681447517871857,1.08,0.013968273997306824,667
180224,0.0,0.0,0.0,599.0,-2.1681447517871857,1.08,0.018648643046617508,665
188416,0.0,0.0,0.0,599.0,-2.1681447517871857,1.08,0.03312798961997032,664
196608,0.0,0.0,0.0,599.0,-1.8537314879894256,0.0,0.003865939099341631,663
204800,0.0,0.0,0.0,599.0,-1.8537314879894256,0.0,0.007213592063635588,661
212992,0.0,0.0,0.0,599.0,-1.8537314879894256,0.0,0.010309930890798569,659
221184,0.0,0.0,0.0,599.0,-1.8537314879894256,0.0,0.014243698678910732,657
229376,0.0,0.0,0.0,599.0,-1.8537314879894256,0.0,0.0073834671638906,656
237568,0.0,0.0,0.0,599.0,-2.2809833708405494,2.64,0.011618358083069324,657
245760,0.0,0.0,0.0,599.0,-2.2809833708405494,2.64,0.015251195058226585,656
253952,0.0,0.0,0.0,599.0,-2.2809833708405494,2.64,0.020644616335630417,655
262144,0.0,0.0,0.0,599.0,-2.2809833708405494,2.64,0.003196710254997015,654
270336,0.01,0.01,0.0,598.09,-2.5596401762776075,17.37,0.0027836868539452553,654
278528,0.01,0.01,0.0,598.09,-2.5596401762776075,17.37,0.008596467785537243,653
286720,0.01,0.01,0.0,598.09,-2.5596401762776075,17.37,0.006707200780510902,652
294912,0.05,0.04,0.01,588.31,-1.8868027472309767,17.38,0.012656575068831444,651
303104,0.09,0.07,0.02,583.31,-1.2194692575745285,17.38,0.0070044673047959805,651
311296,0.12,0.1,0.03,583.41,-1.1803613406978548,17.98,0.003681229893118143,650
319488,0.14,0.12,0.03,579.12,-0.6296575886569917,15.67,0.006743432488292456,650
327680,0.14,0.12,0.03,579.12,-0.5793431026302278,15.67,0.006621380802243948,650
335872,0.18,0.16,0.03,573.75,0.2662125956453383,14.09,0.006756418384611607,649
344064,0.26,0.24,0.03,567.29,1.695316769424826,11.04,0.010632239282131195,649
352256,0.15,0.25,0.03,581.31,-0.18494765067473054,7.67,0.009175986051559448,648
360448,0.15,0.25,0.03,581.31,-0.17908853316679596,7.67,0.005506335292011499,648
368640,0.21,0.3,0.03,566.55,0.8649337968789041,7.67,0.0035983179695904255,648
376832,0.24,0.33,0.03,561.79,1.6250274089537562,3.72,0.00742749311029911,647
385024,0.1,0.33,0.03,577.91,-1.6548483003862202,17.16,0.006689254194498062,646
393216,0.1,0.33,0.03,577.91,-1.6548483003862202,17.16,0.00946040078997612,646
401408,0.11,0.33,0.03,576.44,-1.4533703608997166,17.13,0.006693956442177296,646
409600,0.11,0.28,0.03,576.44,-1.5979295462556182,16.17,0.009080439805984497,646
417792,0.12,0.25,0.01,575.55,-1.4017340296506882,15.17,0.010534308850765228,645
425984,0.03,0.26,0.01,596.04,-3.080850603878498,19.94,0.010923711583018303,645
434176,0.03,0.26,0.01,596.04,-3.149374894797802,20.41,0.0035403836518526077,645
442368,0.05,0.25,0.02,590.1,-2.726754053533077,15.11,0.013765287585556507,645
450560,0.05,0.23,0.02,590.1,-2.4882378962635996,13.7,0.008802700787782669,645
458752,0.06,0.15,0.02,586.73,-1.8660635712742806,8.37,0.009019694291055202,644
466944,0.03,0.11,0.02,589.69,-2.0350404688715935,8.78,0.004832570906728506,644
475136,0.04,0.11,0.02,586.72,-1.8026973947882652,8.76,0.005438529420644045,644
483328,0.04,0.1,0.02,586.72,-1.6316879433393479,6.77,0.003884448204189539,644
491520,0.04,0.08,0.02,586.72,-1.8093723839521407,6.77,0.008379625156521797,643
499712,0.02,0.05,0.02,592.66,-2.006159267425537,5.98,0.005233757197856903,643
507904,0.02,0.05,0.02,592.66,-2.006159267425537,5.98,0.0044675059616565704,643
516096,0.01,0.05,0.02,596.03,-2.187434413433075,5.98,0.003476057667285204,643
524288,0.01,0.04,0.02,596.03,-2.202397783994675,6.05,0.011111682280898094,643
532480,0.01,0.04,0.02,596.03,-2.1983070623874665,6.05,0.02050042897462845,643
540672,0.01,0.04,0.01,595.49,-2.494830615520477,9.97,0.00394496601074934,642
548864,0.01,0.04,0.01,595.49,-2.4819600164890288,9.97,0.0062031992711126804,642
557056,0.04,0.05,0.02,588.56,-1.8658179354667663,8.66,0.010490663349628448,642
565248,0.04,0.05,0.01,588.56,-2.0551646798849106,12.31,0.006740896962583065,642
573440,0.07,0.07,0.02,581.92,-1.6357265383005142,13.07,0.005962257739156485,642
581632,0.07,0.06,0.02,581.92,-1.7001764005422593,12.39,0.003247077576816082,642
589824,0.08,0.06,0.03,580.47,-1.641873636841774,14.22,0.015749454498291016,642
598016,0.09,0.07,0.03,576.9,-1.4675870871543883,14.22,0.01557234488427639,641
606208,0.1,0.08,0.03,573.35,-1.0836166322231293,11.66,0.006902842782437801,641
614400,0.04,0.07,0.04,587.78,-1.491657395362854,3.97,0.005328596569597721,641
622592,0.04,0.07,0.04,587.78,-1.491657395362854,3.97,0.010722421109676361,641
630784,0.04,0.07,0.04,587.78,-1.4918715977668762,3.97,0.005640346556901932,641
638976,0.05,0.08,0.04,584.71,-1.3218572276830673,3.97,0.010781968012452126,641
647168,0.05,0.08,0.04,584.71,-1.2822675180435181,3.97,0.005867323838174343,641
655360,0.01,0.08,0.03,595.93,-1.586018050312996,0.0,0.0036097054835408926,641
663552,0.01,0.08,0.03,595.93,-1.5856415873765946,0.0,0.007076865993440151,641
671744,0.02,0.09,0.03,592.67,-1.4034900933504104,0.0,0.003344943281263113,641
679936,0.02,0.08,0.03,592.67,-1.4226385420560836,0.0,0.011556217446923256,640
688128,0.02,0.06,0.02,592.67,-1.4451322788000107,0.0,0.00591673981398344,640
696320,0.02,0.05,0.01,592.84,-1.4818479800224305,0.0,0.011137137189507484,640
704512,0.02,0.05,0.01,592.84,-1.4815585005283356,0.0,0.0034683705307543278,640
712704,0.02,0.05,0.01,592.84,-1.4873061823844909,0.0,0.0064263781532645226,640
720896,0.02,0.05,0.0,592.84,-1.5732799077033996,0.0,0.005303594283759594,640
729088,0.01,0.03,0.0,596.1,-1.808832489848137,0.16,0.006539436988532543,640
737280,0.01,0.03,0.0,596.1,-1.808832489848137,0.16,0.009167890064418316,640
745472,0.01,0.03,0.0,596.1,-1.806994622349739,0.16,0.0048373425379395485,640
753664,0.01,0.03,0.0,596.1,-1.8009102588891983,0.16,0.0041220299899578094,640
761856,0.01,0.03,0.0,596.1,-1.8455823856592177,0.16,0.0023565159644931555,639
770048,0.0,0.02,0.0,599.0,-1.9648277699947356,0.16,0.004292372614145279,638
778240,0.0,0.02,0.0,599.0,-1.965312728881836,0.16,0.008299596607685089,638
786432,0.01,0.03,0.0,596.09,-1.7901177787780762,0.16,0.002990653272718191,638
794624,0.01,0.03,0.0,596.09,-1.8715012454986573,0.01,0.012874346226453781,637
802816,0.01,0.03,0.0,596.09,-2.0021806961297988,0.01,0.0038697165437042713,637
811008,0.01,0.02,0.0,596.09,-2.1132683461904525,0.01,0.005833995062857866,637
819200,0.02,0.03,0.0,594.79,-1.9489014941453933,0.01,0.010920850560069084,637
827392,0.03,0.03,0.0,592.13,-1.7895429557561875,0.01,0.007086798083037138,637
835584,0.05,0.05,0.0,587.57,-1.4965987116098405,0.01,0.013380811549723148,637
843776,0.04,0.05,0.0,590.48,-1.6358207416534425,1.48,0.008720429614186287,636
851968,0.04,0.05,0.0,590.48,-1.6358207416534425,1.48,0.02314870059490204,636
860160,0.05,0.06,0.0,588.77,-1.5525079667568207,1.48,0.0061082420870661736,636
868352,0.07,0.07,0.01,584.61,-1.369815595149994,1.95,0.011514628306031227,636
876544,0.09,0.09,0.01,581.69,-0.9077091133594513,1.95,0.010396243073046207,636
884736,0.05,0.08,0.01,590.21,-1.6947964680194856,1.99,0.014532819390296936,636
892928,0.06,0.09,0.01,588.39,-1.526062127351761,1.99,0.02906973659992218,636
901120,0.06,0.09,0.01,588.39,-1.5289573097229003,1.99,0.0076292105950415134,636
909312,0.06,0.09,0.01,588.39,-1.5333538281917571,1.99,0.010717726312577724,636
917504,0.09,0.13,0.01,584.77,-0.9665235769748688,0.51,0.0064076390117406845,636
925696,0.06,0.1,0.01,589.47,-1.3094120967388152,0.08,0.0028046444058418274,636
933888,0.07,0.11,0.01,587.88,-1.2470063996315002,0.09,0.015019460581243038,636
942080,0.08,0.12,0.01,586.3,-0.9364978981018066,0.08,0.008451811969280243,635
950272,0.09,0.13,0.01,584.48,-0.7662288606166839,0.08,0.009644020348787308,635
958464,0.06,0.12,0.01,588.93,-1.7552084815502167,0.48,0.004240118432790041,635
966656,0.06,0.12,0.01,588.93,-1.7572270822525025,0.48,0.004860634449869394,635
974848,0.05,0.11,0.01,589.65,-2.014977513551712,0.57,0.005074925720691681,635
983040,0.06,0.12,0.01,587.65,-1.7456517434120178,0.53,0.003372655250132084,635
991232,0.07,0.12,0.0,585.63,-1.6106578016281128,0.54,0.007490223739296198,635
999424,0.03,0.11,0.0,593.0,-2.026582125425339,0.51,0.01179688610136509,635
1007616,0.03,0.11,0.0,593.0,-1.655218507051468,0.3,0.006119648460298777,635
1015808,0.03,0.11,0.0,593.0,-1.5553868973255158,0.12,0.005323341581970453,635
1024000,0.03,0.09,0.0,593.0,-1.44622744679451,0.11,0.0033599187154322863,634
1032192,0.05,0.09,0.0,589.91,-1.121256515979767,0.04,0.006419535260647535,634
1040384,0.03,0.09,0.0,593.75,-1.4296709156036378,0.03,0.004848684184253216,634
1048576,0.04,0.09,0.0,590.25,-1.243428419828415,0.03,0.007514825090765953,634
1056768,0.04,0.08,0.0,590.25,-1.2451072037220001,0.03,0.00465391855686903,634
1064960,0.04,0.07,0.0,590.25,-1.2151384389400481,0.02,0.015873044729232788,634
1073152,0.04,0.07,0.0,590.25,-1.2868313312530517,0.03,0.00783773697912693,634
1081344,0.02,0.07,0.0,593.34,-1.6980462610721587,0.04,0.0054932814091444016,634
1089536,0.03,0.08,0.0,591.45,-1.5261558747291566,0.04,0.004734744317829609,634
1097728,0.03,0.09,0.0,591.34,-1.421002037525177,0.02,0.0063158487901091576,634
1105920,0.02,0.06,0.0,594.84,-1.6432837295532225,0.03,0.013374611735343933,634
1114112,0.04,0.08,0.0,589.57,-1.3885034263134002,0.1,0.007306662388145924,634
1122304,0.04,0.08,0.0,589.57,-1.3975411891937255,0.1,0.007673133164644241,634
1130496,0.04,0.08,0.0,589.57,-1.3208122336864472,0.09,0.009401286020874977,634
1138688,0.04,0.08,0.0,589.57,-1.263317621946335,0.09,0.0030499682761728764,634
1146880,0.04,0.07,0.0,591.03,-1.3087475192546845,0.1,0.005254833027720451,634
1155072,0.03,0.07,0.0,593.3,-1.7696640515327453,0.33,0.008284115232527256,634
1163264,0.03,0.07,0.0,593.3,-1.7507354201376437,0.33,0.006743175908923149,634
1171456,0.03,0.07,0.0,593.72,-1.791436503082514,0.34,0.005194184370338917,633
1179648,0.05,0.09,0.0,592.17,-1.3694589127600194,0.27,0.00745889637619257,633
1187840,0.07,0.11,0.0,590.44,-1.2039194239675999,0.31,0.00702501367777586,633
1196032,0.08,0.11,0.0,588.35,-1.0433795203268528,0.31,0.004407885484397411,633
1204224,0.09,0.12,0.0,586.17,-0.8636177684366703,0.31,0.006969766225665808,633
1212416,0.1,0.13,0.0,582.38,-0.6052342893183231,0.29,0.006487030070275068,633
1220608,0.11,0.14,0.0,580.38,-0.3987997436523438,0.11,0.012178776785731316,633
1228800,0.08,0.13,0.0,584.02,-0.9132261312007904,0.11,0.011513982899487019,633
1236992,0.08,0.13,0.0,584.02,-1.071369262933731,0.17,0.005097759421914816,633
1245184,0.1,0.16,0.0,577.89,-0.5774416100978851,0.13,0.007448893040418625,633
1253376,0.13,0.2,0.0,571.72,-0.05168210864067078,0.13,0.009067895822227001,632
1261568,0.13,0.22,0.0,572.48,-0.09794636845588683,0.13,0.0018581841140985489,632
1269760,0.12,0.22,0.0,576.38,-0.1425638997554779,0.09,0.0045577604323625565,633
1277952,0.14,0.23,0.0,570.25,0.32728755235671997,0.07,0.012434499338269234,633
1286144,0.14,0.21,0.0,570.25,0.37574206441640856,0.07,0.005207482259720564,632
1294336,0.15,0.21,0.0,570.17,0.6782484796643257,0.03,0.009523764252662659,632
1302528,0.11,0.21,0.0,579.08,0.032384093105793,0.05,0.0057880207896232605,632
1310720,0.08,0.21,0.0,584.2,-0.42436597906053064,0.05,0.00559152290225029,632
1318912,0.12,0.24,0.0,574.78,0.339851531162858,0.05,0.007757166866213083,632
1327104,0.13,0.24,0.0,572.21,0.5960231087356805,0.05,0.005942046642303467,632
1335296,0.14,0.28,0.0,575.55,0.6468226239085197,0.16,0.013255865313112736,632
1343488,0.13,0.28,0.0,578.0,0.5202030378952622,0.18,0.0133102647960186,632
1351680,0.15,0.28,0.0,571.04,1.0031431371346116,0.15,0.005764514673501253,632
1359872,0.17,0.29,0.0,568.04,1.2603772169724108,0.21,0.003588614519685507,632
1368064,0.22,0.31,0.0,557.71,2.0965443417057394,0.21,0.0038398541510105133,632
1376256,0.19,0.31,0.0,566.42,1.4881909487769007,0.22,0.008981144055724144,632
1384448,0.19,0.33,0.0,566.66,1.503785064406693,0.16,0.007339877542108297,632
1392640,0.2,0.34,0.0,560.89,1.6053183256462216,0.11,0.004325175657868385,632
1400832,0.23,0.37,0.0,555.44,2.055709286779165,0.14,0.007031874731183052,632
1409024,0.25,0.42,0.0,556.64,2.4557998184859753,0.06,0.0071760304272174835,632
1417216,0.28,0.48,0.0,550.41,3.041409919410944,0.06,0.008232571184635162,632
1425408,0.31,0.48,0.0,544.03,3.5809168209135533,0.07,0.007083192002028227,632
1433600,0.33,0.52,0.0,537.79,3.906827722787857,0.07,0.00631861062720418,632
1441792,0.36,0.55,0.0,532.58,4.38447527050972,0.07,0.00608079694211483,632
1449984,0.36,0.57,0.0,534.44,4.354429117441177,0.02,0.005589171312749386,631
1458176,0.32,0.57,0.0,535.87,3.4617746263742446,0.29,0.008938856422901154,631
1466368,0.31,0.57,0.0,539.54,3.0398917382955553,0.3,0.0038117971271276474,631
1474560,0.27,0.54,0.0,547.6,2.4564951246976854,0.3,0.007492629811167717,631
1482752,0.22,0.53,0.0,556.6,1.6537717908620835,0.3,0.014050990343093872,631
1490944,0.17,0.53,0.0,564.89,0.9705614620447158,0.29,0.007660265546292067,631
1499136,0.15,0.52,0.0,567.0,0.6290349012613297,0.3,0.006877101492136717,631
1507328,0.18,0.53,0.0,558.97,1.3356824648380279,0.3,0.0041064247488975525,631
1515520,0.21,0.52,0.0,549.27,2.1809068262577056,0.03,0.004157489165663719,631
1523712,0.25,0.55,0.0,539.7,2.8683495128154757,0.02,0.007173947058618069,631
1531904,0.3,0.54,0.0,528.75,3.620371111035347,0.01,0.003193165408447385,631
1540096,0.36,0.53,0.0,513.49,4.611957760453224,0.01,0.013373639434576035,631
1548288,0.36,0.53,0.0,514.51,4.697076380848885,0.0,0.005469079595059156,631
1556480,0.4,0.57,0.0,503.23,5.167476991415024,0.05,0.011283254250884056,630
1564672,0.35,0.6,0.0,513.93,4.121442645192146,0.13,0.007429242134094238,630
1572864,0.4,0.65,0.0,496.46,4.98887147128582,0.16,0.006857678294181824,630
1581056,0.42,0.71,0.0,493.91,5.2881693714857105,0.16,0.00585799990221858,630
1589248,0.47,0.8,0.0,480.7,5.844028970599174,0.53,0.005576183088123798,630
1597440,0.45,0.81,0.0,484.71,5.425381589531899,0.53,0.004948736634105444,630
1605632,0.44,0.8,0.0,487.59,5.4862976687401535,0.48,0.005757719278335571,630
1613824,0.45,0.78,0.0,482.94,5.619495143815875,0.48,0.003758759004995227,630
1622016,0.45,0.8,0.0,487.46,5.758467966839671,0.37,0.008261425420641899,630
1630208,0.4,0.82,0.0,497.6,4.859141166731715,0.37,0.0041706073097884655,630
1638400,0.37,0.81,0.0,503.58,4.483448391482234,0.37,0.005655434913933277,630
1646592,0.36,0.82,0.0,502.87,4.517888243719935,0.0,0.003591055516153574,630
1654784,0.42,0.81,0.0,480.5,5.628891645669937,0.0,0.006327465176582336,630
1662976,0.38,0.8,0.0,494.31,4.9162091559171675,0.0,0.004885314032435417,630
1671168,0.42,0.78,0.0,476.95,5.580072795748711,0.52,0.007471160031855106,629
1679360,0.45,0.78,0.0,469.08,6.094624549746514,0.55,0.0068403491750359535,629
1687552,0.44,0.74,0.0,471.85,5.892794716954231,0.55,0.007768900599330664,629
1695744,0.44,0.77,0.0,474.06,5.866610670685768,0.55,0.006571593694388866,629
1703936,0.39,0.78,0.0,492.36,4.7209283453226085,0.57,0.0027741200756281614,629
1712128,0.39,0.78,0.0,490.65,4.568575927019119,0.75,0.0037099330220371485,629
1720320,0.4,0.8,0.0,487.31,4.857361575365067,0.23,0.006806451361626387,629
1728512,0.4,0.82,0.0,484.84,4.8684365767240525,0.2,0.006092971656471491,629
1736704,0.4,0.85,0.0,480.99,4.858033415079117,0.2,0.007120874710381031,629
1744896,0.39,0.83,0.0,482.38,4.778324416279792,0.2,0.005376965738832951,629
1753088,0.39,0.82,0.0,481.17,4.937928006052971,0.18,0.00630880007520318,629
1761280,0.4,0.82,0.0,484.0,5.326966436505318,0.0,0.00500550027936697,629
1769472,0.36,0.83,0.0,495.84,4.4809987276792524,1.07,0.00827752985060215,629
1777664,0.36,0.82,0.0,497.38,4.675113317966461,1.07,0.003645090851932764,629
1785856,0.33,0.82,0.0,509.01,4.127886063456535,1.07,0.008427152410149574,629
1794048,0.35,0.81,0.0,504.68,4.464671177864075,1.07,0.003304382786154747,629
1802240,0.32,0.81,0.0,514.45,3.8476800882816313,1.07,0.006599057465791702,629
1810432,0.37,0.82,0.0,499.79,4.803312004208565,1.03,0.006076479330658913,629
1818624,0.4,0.81,0.0,489.47,5.384320921301842,0.0,0.0057791005820035934,629
1826816,0.43,0.82,0.0,483.34,5.789778009057045,0.0,0.0038025272078812122,629
1835008,0.47,0.82,0.0,468.78,6.561125274896622,0.0,0.007766208611428738,629
1843200,0.49,0.84,0.0,458.88,6.979747179746628,0.0,0.006778808310627937,629
1851392,0.49,0.83,0.0,454.57,7.0166805195808415,0.0,0.004835420288145542,628
1859584,0.51,0.83,0.0,441.2,7.55808646440506,0.0,0.002158096060156822,628
1867776,0.49,0.86,0.0,435.9,7.241355611085892,0.0,0.011089574545621872,628
1875968,0.49,0.89,0.0,442.33,7.222455679774284,0.0,0.004469729959964752,628
1884160,0.49,0.89,0.0,448.46,7.02233472764492,0.0,0.010205002501606941,628
1892352,0.5,0.9,0.0,446.84,7.033642171621323,0.0,0.006527431309223175,628
1900544,0.48,0.91,0.0,457.58,6.3506712295860055,0.06,0.005726552568376064,628
1908736,0.5,0.9,0.0,451.41,6.6514529170840975,0.06,0.0037847040221095085,628
1916928,0.49,0.9,0.0,455.35,6.415008887276054,0.07,0.002438984112814069,628
1925120,0.49,0.9,0.0,449.34,6.444279318079352,0.07,0.004810299724340439,628
1933312,0.44,0.93,0.0,457.04,5.387707044109702,0.49,0.006651454139500856,628
1941504,0.42,0.92,0.0,465.53,4.814856550917029,0.57,0.003679106943309307,628
1949696,0.45,0.92,0.0,450.0,5.64171248614788,0.72,0.004834569059312344,628
1957888,0.44,0.92,0.0,460.98,5.312648032903671,0.72,0.0028859195299446583,628
1966080,0.48,0.94,0.0,445.34,6.100281136035919,0.71,0.0027970713563263416,628
1974272,0.53,0.94,0.0,431.47,7.220449168086052,0.71,0.005358180962502956,628
1982464,0.55,0.95,0.0,426.33,7.733981296420097,0.28,0.012665098533034325,628
1990656,0.49,0.95,0.0,444.43,6.704564841985703,0.26,0.004433849826455116,628
1998848,0.51,0.97,0.0,433.01,7.169749550819397,0.26,0.004975292831659317,628
2007040,0.5,0.96,0.0,430.66,6.861335621476173,0.26,0.003360557369887829,628
2015232,0.45,0.96,0.0,443.62,5.786759349107743,0.26,0.0034394687972962856,628
2023424,0.44,0.97,0.0,445.85,5.516032938957214,0.2,0.005160237662494183,628
2031616,0.51,0.98,0.01,424.79,6.795613079667091,0.6,0.0029094559140503407,628
2039808,0.48,0.98,0.01,437.96,6.124034879207611,0.6,0.003525875508785248,628
2048000,0.46,0.99,0.01,447.52,5.723746256828308,0.74,0.0030276193283498287,628
2056192,0.49,0.99,0.01,436.49,6.286643278002739,0.88,0.005609704181551933,628
2064384,0.57,0.99,0.01,417.45,8.015968084931373,0.88,0.004856834188103676,628
2072576,0.55,0.99,0.01,420.51,7.573676379323006,0.28,0.0037540257908403873,628
2080768,0.59,0.99,0.01,406.17,8.30147552371025,0.28,0.006193622946739197,628
2088960,0.55,1.0,0.01,419.56,7.291417357325554,0.18,0.004772713407874107,628
2097152,0.55,1.0,0.01,416.73,7.3553642481565475,0.19,0.0018912763334810734,628
2105344,0.49,0.99,0.01,439.91,6.008216094970703,0.1,0.003338717622682452,628
2113536,0.45,0.99,0.0,447.81,5.191390780210495,0.1,0.003511548275128007,627
2121728,0.46,0.99,0.0,440.39,5.552348328828812,0.28,0.0019803433679044247,627
2129920,0.51,0.99,0.0,421.94,6.674635323286057,0.25,0.007962998002767563,627
2138112,0.48,0.98,0.0,430.32,6.22669518828392,0.21,0.0015070212539285421,627
2146304,0.47,0.98,0.0,437.91,6.109367696046829,0.18,0.002092677401378751,627
2154496,0.47,0.98,0.0,442.19,6.1201876837015154,0.25,0.004919430240988731,627
2162688,0.46,0.98,0.0,445.24,6.0386473470926285,0.41,0.008884234353899956,627
2170880,0.48,0.98,0.0,439.03,6.501915901303291,0.23,0.008658623322844505,627
2179072,0.46,0.98,0.0,451.08,5.9310982888937,0.23,0.004315699450671673,627
2187264,0.48,0.98,0.0,443.62,6.204383620619774,0.24,0.0047302767634391785,627
2195456,0.52,0.99,0.01,425.25,6.751414929032325,1.06,0.0032600904814898968,627
2203648,0.48,0.99,0.01,438.21,5.677230771780014,1.09,0.0043499828316271305,627
2211840,0.48,0.99,0.01,434.79,5.391325943470001,0.93,0.0036902539432048798,627
2220032,0.46,0.99,0.01,440.56,4.91231740295887,0.93,0.00219257571734488,627
2228224,0.47,1.0,0.01,433.42,5.239596539139748,0.92,0.003846683306619525,627
2236416,0.47,0.99,0.02,432.24,5.386289429068565,0.63,0.003179513616487384,627
2244608,0.46,0.98,0.02,435.97,5.081020660996437,0.65,0.0025035475846379995,627
2252800,0.46,0.98,0.02,439.44,5.016687932610512,0.87,0.002815154381096363,627
2260992,0.5,0.98,0.02,422.59,5.801804301738739,0.87,0.004372410010546446,627
2269184,0.53,0.98,0.02,414.32,6.279514993429184,0.92,0.0027354478370398283,627
2277376,0.59,0.98,0.01,398.04,7.462652304172516,0.32,0.003442054847255349,627
2285568,0.6,0.98,0.01,390.44,7.720999283790588,0.25,0.003051349427551031,627
2293760,0.62,0.98,0.01,382.01,8.194791378974914,0.07,0.003805972635746002,627
2301952,0.6,0.98,0.01,387.84,7.537137171626091,0.14,0.0028620893135666847,627
2310144,0.55,0.99,0.01,403.22,6.314125185608864,0.09,0.001265577506273985,627
2318336,0.54,1.0,0.01,400.9,6.143729036450386,0.14,0.005539056845009327,627
2326528,0.5,1.0,0.0,414.8,5.252344895005226,0.27,0.0028764368034899235,627
2334720,0.44,1.0,0.01,442.21,3.9201880079507827,0.85,0.0019685011357069016,626
2342912,0.42,1.0,0.01,449.7,3.6397006595134735,0.89,0.003633626736700535,626
2351104,0.48,1.0,0.01,427.92,5.128030239939689,0.86,0.0036651345435529947,626
2359296,0.47,1.0,0.01,431.82,4.8579249686002735,0.82,0.004053150303661823,626
2367488,0.52,1.0,0.01,414.64,5.992218001484871,0.69,0.002551094628870487,626
2375680,0.56,1.0,0.01,397.89,6.915308318734169,0.25,0.003107981290668249,626
2383872,0.56,1.0,0.01,398.04,6.836468182206154,0.25,0.004591971170157194,626
2392064,0.56,1.0,0.01,399.69,6.853158786296844,0.25,0.0019197624642401934,626
2400256,0.53,1.0,0.01,412.84,6.378199543952942,0.33,0.0023593762889504433,626
2408448,0.51,1.0,0.01,420.78,5.985959208011627,0.34,0.004626868758350611,626
2416640,0.5,0.99,0.01,424.91,5.893479278087616,0.26,0.0017136940732598305,626
2424832,0.49,0.99,0.0,429.14,5.651932144165039,0.11,0.002115245908498764,626
2433024,0.47,0.99,0.0,439.09,5.323447811603546,0.11,0.0026047860737890005,626
2441216,0.45,0.99,0.01,442.68,5.036654673218727,2.51,0.0018183054635301232,626
2449408,0.49,0.99,0.01,427.08,6.031358417868614,2.44,0.004085453227162361,626
2457600,0.47,0.99,0.02,431.94,5.5063433265686035,3.03,0.0034861143212765455,626
2465792,0.44,0.97,0.02,441.35,5.066218940019607,3.03,0.003946769516915083,626
2473984,0.48,0.97,0.02,425.04,5.867588374614716,3.27,0.0038199627306312323,626
2482176,0.48,0.97,0.02,425.11,6.0689462423324585,0.85,0.003896943759173155,625
2490368,0.47,0.97,0.03,431.34,5.755293170809746,1.46,0.004335410892963409,625
2498560,0.48,0.97,0.04,426.62,5.9741255754232405,1.49,0.0036302334628999233,625
2506752,0.52,0.98,0.04,411.65,6.722041077017784,1.49,0.0047867801040410995,625
2514944,0.53,0.97,0.04,406.81,6.819629427790642,1.25,0.0038199552800506353,625
2523136,0.52,0.97,0.03,408.45,6.525820583105087,1.32,0.001382309477776289,625
2531328,0.51,0.95,0.03,410.57,6.342867350578308,0.7,0.0037248008884489536,625
2539520,0.54,0.96,0.02,396.06,7.096610758304596,0.08,0.0038049807772040367,625
2547712,0.52,0.97,0.02,403.51,6.680157439112663,0.1,0.0019141100347042084,625
2555904,0.52,0.96,0.02,402.97,6.9362623763084414,0.11,0.005648856051266193,625
2564096,0.55,0.94,0.02,393.64,7.872797890305519,0.03,0.003267499152570963,625
2572288,0.5,0.93,0.02,415.2,6.867574672698975,0.03,0.0018218673067167401,625
2580480,0.48,0.93,0.01,424.0,6.454277688860893,0.03,0.003889292711392045,625
2588672,0.47,0.93,0.01,428.36,6.197321898341179,0.66,0.004623125307261944,625
2596864,0.45,0.93,0.02,438.56,5.42816055059433,1.22,0.0012921546585857868,625
2605056,0.46,0.93,0.03,433.48,5.426727920174598,1.93,0.002204946242272854,625
2613248,0.5,0.94,0.03,414.96,6.072160460948944,2.57,0.0049993135035037994,625
2621440,0.47,0.94,0.04,425.55,5.482741457223892,3.18,0.004699165467172861,625
2629632,0.52,0.93,0.06,408.53,6.523356961011887,3.79,0.004069391638040543,625
2637824,0.53,0.93,0.07,402.45,6.79587855219841,3.77,0.003237079828977585,625
2646016,0.5,0.94,0.07,415.35,6.483738697767258,3.05,0.00414095725864172,625
2654208,0.51,0.96,0.08,413.08,6.584524105191231,3.72,0.002477739006280899,625
2662400,0.54,0.97,0.09,401.34,6.835546519756317,4.09,0.002945141401141882,625
2670592,0.54,0.97,0.09,401.15,6.774257638454437,3.41,0.0019866684451699257,625
2678784,0.57,0.97,0.09,389.65,7.24858433008194,3.31,0.0045445701107382774,625
2686976,0.56,0.98,0.08,390.76,7.07430931687355,3.31,0.005521322600543499,625
2695168,0.56,0.99,0.09,391.43,7.15697715640068,4.24,0.0043306779116392136,625
2703360,0.52,0.99,0.08,404.97,6.646240617632866,2.7,0.004270532168447971,625
2711552,0.57,1.0,0.07,391.34,7.810092231631279,2.11,0.004618591163307428,625
2719744,0.55,1.0,0.07,400.89,7.309862143397331,2.45,0.0037677939981222153,625
2727936,0.54,1.0,0.07,406.09,6.8434881883859635,4.72,0.006611459422856569,625
2736128,0.54,1.0,0.09,414.22,6.485064373016358,5.2,0.006411592476069927,625
2744320,0.55,1.0,0.09,410.59,6.5493619841337205,6.01,0.0034688562154769897,624
2752512,0.52,1.0,0.11,421.83,5.752740722298622,7.9,0.0025221940595656633,624
2760704,0.6,1.0,0.14,391.44,7.352969970107079,8.94,0.003418782725930214,624
2768896,0.62,0.99,0.17,377.5,7.93900369822979,8.26,0.004388070665299892,624
2777088,0.62,0.99,0.15,381.1,8.307525627017021,7.13,0.007701260503381491,624
2785280,0.64,0.99,0.17,372.81,8.456771599054337,7.41,0.002856920473277569,624
2793472,0.59,0.99,0.19,388.87,7.4874354684352875,6.69,0.00444374606013298,624
2801664,0.61,0.99,0.22,381.05,8.104461467266082,7.18,0.004289134405553341,624
2809856,0.58,0.99,0.22,395.37,7.645560256242752,6.13,0.0035274068359285593,624
2818048,0.59,0.99,0.22,387.49,7.758751380443573,6.71,0.00508775794878602,624
2826240,0.56,0.97,0.22,402.77,7.14741387784481,6.37,0.0037478539161384106,624
2834432,0.53,0.96,0.18,411.16,6.657535029649734,5.14,0.005357729271054268,624
2842624,0.53,0.97,0.19,414.13,6.585261822938919,4.13,0.0030199200846254826,624
2850816,0.58,0.97,0.16,392.27,7.616884591579438,2.97,0.0009153306018561125,624
2859008,0.6,0.97,0.17,386.97,7.948867448568344,3.79,0.0033424245193600655,624
2867200,0.64,0.97,0.17,369.02,8.99741695165634,3.22,0.00381830264814198,624
2875392,0.64,0.96,0.14,365.82,9.144871263504028,1.96,0.004688445944339037,624
2883584,0.61,0.96,0.12,374.62,8.519763960838318,2.02,0.0042638578452169895,624
2891776,0.58,0.98,0.09,385.8,7.907719227075577,2.02,0.0032370174303650856,624
2899968,0.57,0.99,0.09,385.08,7.941123679876328,0.65,0.0023511219769716263,624
2908160,0.55,0.99,0.09,390.44,7.4755589872598645,1.49,0.0005795529577881098,624
2916352,0.53,0.98,0.09,401.44,6.884451777338982,2.73,0.002901344560086727,624
2924544,0.51,0.98,0.08,407.32,6.530392524003982,2.51,0.0009169414988718927,624
2932736,0.52,0.98,0.06,407.68,6.709228444099426,2.51,0.0014062451664358377,624
2940928,0.52,0.98,0.06,411.61,6.651952984333039,3.18,0.00352549203671515,624
2949120,0.51,0.98,0.06,415.33,6.383699772953987,2.25,0.0006182380602695048,624
2957312,0.49,0.98,0.07,422.56,5.942987958788872,2.28,0.00020826104446314275,624
2965504,0.52,0.98,0.06,410.89,6.7200255453586575,1.86,4.932802403345704e-05,624
2973696,0.52,0.98,0.07,407.43,6.719792655110359,2.46,0.00019299332052469254,624
2981888,0.51,0.98,0.07,410.03,6.530325543284416,2.58,5.533403600566089e-05,624
2990080,0.48,0.98,0.04,418.51,6.115422189831734,1.35,7.063764496706426e-05,624
2998272,0.51,0.99,0.05,406.23,6.7228613919019695,1.32,7.978553185239434e-06,624
