global_step,obey_top,obey_bottom,success_top,success_bottom,obey_top_can,obey_bottom_can,success_top_can,success_bottom_can,wrong_steps,segment_return,approx_kl,sps
8192,0.0,0.0,0.0,0.0,0.0,0.0,0.0,0.0,0.0,0.3257880050223321,0.025253696367144585,1002
16384,0.0,0.3,0.0,0.3,0.0,0.0,0.0,0.0,0.0,0.6687171874800697,0.0245021004229784,1022
24576,0.1875,0.46153846153846156,0.1875,0.38461538461538464,0.0,0.2222222222222222,0.0,0.1111111111111111,0.0,0.7217856734059751,0.016447488218545914,1034
32768,0.3333333333333333,0.5714285714285714,0.2857142857142857,0.47619047619047616,0.0,0.4,0.0,0.26666666666666666,0.0,0.8005241259816103,0.012728625908493996,1035
40960,0.5833333333333334,0.6739130434782609,0.19444444444444445,0.2826086956521739,0.25,0.4444444444444444,0.0,0.18518518518518517,0.0,0.004527195414993912,0.02452417090535164,1042
49152,0.5869565217391305,0.6981132075471698,0.15217391304347827,0.2830188679245283,0.2962962962962963,0.4482758620689655,0.0,0.1724137931034483,0.0,0.4295884318999015,0.025834906846284866,1034
57344,0.5555555555555556,0.6774193548387096,0.16666666666666666,0.2903225806451613,0.2727272727272727,0.4444444444444444,0.030303030303030304,0.16666666666666666,0.0,0.4233842704561539,0.011542776599526405,1035
65536,0.5483870967741935,0.6567164179104478,0.1774193548387097,0.26865671641791045,0.24324324324324326,0.41025641025641024,0.02702702702702703,0.15384615384615385,0.0,-0.1722669011214748,0.02429080381989479,1034
73728,0.5223880597014925,0.6973684210526315,0.1791044776119403,0.2894736842105263,0.21951219512195122,0.46511627906976744,0.024390243902439025,0.16279069767441862,0.0,0.8164418623782694,0.03982607275247574,1036
81920,0.5813953488372093,0.711340206185567,0.1511627906976744,0.27835051546391754,0.2653061224489796,0.48148148148148145,0.02040816326530612,0.16666666666666666,0.0,0.6924906496424228,0.027122043073177338,1035
90112,0.5913978494623656,0.7128712871287128,0.15053763440860216,0.27722772277227725,0.2692307692307692,0.48214285714285715,0.019230769230769232,0.16071428571428573,0.0,1.1647135389503092,0.03643479570746422,1038
98304,0.5961538461538461,0.7217391304347827,0.1346153846153846,0.3130434782608696,0.2631578947368421,0.5,0.017543859649122806,0.171875,0.0,1.2853731238283217,0.029154367744922638,1033
106496,0.6017699115044248,0.7322834645669292,0.13274336283185842,0.33070866141732286,0.25,0.5072463768115942,0.016666666666666666,0.17391304347826086,0.0,1.2710499661043286,0.028608597815036774,1032
114688,0.5982905982905983,0.7368421052631579,0.1282051282051282,0.3383458646616541,0.265625,0.5205479452054794,0.015625,0.1780821917808219,0.0,0.1536370022513438,0.024540841579437256,1033
122880,0.6183206106870229,0.7569444444444444,0.1297709923664122,0.3333333333333333,0.2857142857142857,0.5454545454545454,0.014285714285714285,0.16883116883116883,0.0,0.8028258830308914,0.03192600980401039,1031
131072,0.6187050359712231,0.7548387096774194,0.12949640287769784,0.34838709677419355,0.273972602739726,0.5632183908045977,0.0136986301369863,0.20689655172413793,0.0,1.0621233627898619,0.02195604331791401,1029
139264,0.6133333333333333,0.754601226993865,0.12666666666666668,0.34355828220858897,0.2926829268292683,0.5652173913043478,0.024390243902439025,0.1956521739130435,0.0,0.45317825285019353,0.023119207471609116,1029
147456,0.620253164556962,0.7542857142857143,0.13291139240506328,0.3485714285714286,0.29411764705882354,0.5612244897959183,0.023529411764705882,0.19387755102040816,0.0,1.0846354343811981,0.013992292806506157,1029
155648,0.622093023255814,0.7595628415300546,0.13372093023255813,0.3551912568306011,0.2857142857142857,0.5643564356435643,0.02197802197802198,0.19801980198019803,0.0,0.9924089310807176,0.011859798803925514,1028
163840,0.6263736263736264,0.7631578947368421,0.14285714285714285,0.3684210526315789,0.2916666666666667,0.5588235294117647,0.020833333333333332,0.19607843137254902,0.0,1.0629370417445898,0.02784588374197483,1027
172032,0.6276595744680851,0.7727272727272727,0.13829787234042554,0.36363636363636365,0.29292929292929293,0.5631067961165048,0.020202020202020204,0.1941747572815534,0.0,0.48513376369373873,0.01894262805581093,1026
180224,0.6288659793814433,0.81,0.13402061855670103,0.37,0.2871287128712871,0.5871559633027523,0.019801980198019802,0.2018348623853211,0.0,1.0190204061800614,0.020698439329862595,1027
188416,0.64,0.805,0.13,0.35,0.2818181818181818,0.5775862068965517,0.01818181818181818,0.19827586206896552,0.0,0.5168711316364352,0.02197113260626793,1023
196608,0.67,0.805,0.125,0.38,0.2818181818181818,0.5833333333333334,0.01818181818181818,0.2,0.0,1.2322410153283272,0.014687897637486458,1022
204800,0.66,0.81,0.095,0.4,0.3050847457627119,0.5891472868217055,0.01694915254237288,0.20155038759689922,0.0,1.2196136942948215,0.019277215003967285,1022
212992,0.65,0.825,0.1,0.425,0.3225806451612903,0.5864661654135338,0.016129032258064516,0.21052631578947367,0.0,1.8127333099837415,0.01879386231303215,1020
221184,0.66,0.83,0.105,0.44,0.328,0.5808823529411765,0.016,0.21323529411764705,0.0,1.0985017782077193,0.023925049230456352,1021
229376,0.66,0.83,0.11,0.46,0.3228346456692913,0.5857142857142857,0.015748031496062992,0.22142857142857142,0.0,1.3397203913191333,0.027450457215309143,1020
237568,0.685,0.83,0.1,0.48,0.33076923076923076,0.5862068965517241,0.015384615384615385,0.2206896551724138,0.0,0.3553817640640773,0.02432037703692913,1020
245760,0.695,0.84,0.085,0.485,0.33088235294117646,0.5918367346938775,0.014705882352941176,0.22448979591836735,0.0,0.27600788610288873,0.0425911545753479,1020
253952,0.68,0.825,0.085,0.47,0.3191489361702128,0.5705128205128205,0.014184397163120567,0.21794871794871795,0.0,0.9811240441631526,0.02587917074561119,1018
262144,0.69,0.835,0.08,0.49,0.3197278911564626,0.5759493670886076,0.013605442176870748,0.22151898734177214,0.0,1.698405809875112,0.034260302782058716,1017
270336,0.7,0.835,0.08,0.5,0.32,0.5853658536585366,0.013333333333333334,0.23170731707317074,0.0,1.3122590575367212,0.026002109050750732,1017
278528,0.7,0.825,0.08,0.515,0.3202614379084967,0.5808383233532934,0.013071895424836602,0.23353293413173654,0.0,1.7018665350042284,0.02850814163684845,1016
286720,0.7,0.83,0.075,0.53,0.33544303797468356,0.5795454545454546,0.012658227848101266,0.24431818181818182,0.0,1.534929089481011,0.020364228636026382,1015
294912,0.69,0.835,0.075,0.535,0.3312883435582822,0.580110497237569,0.012269938650306749,0.2430939226519337,0.0,0.4870669405790977,0.015954285860061646,1014
303104,0.695,0.835,0.07,0.535,0.33727810650887574,0.5806451612903226,0.011834319526627219,0.24193548387096775,0.0,1.3555221916758455,0.02026946470141411,1014
311296,0.69,0.83,0.06,0.53,0.32947976878612717,0.582010582010582,0.011560693641618497,0.24338624338624337,0.0,-0.11079013394191861,0.025768348947167397,1014
319488,0.7,0.825,0.065,0.545,0.32954545454545453,0.5854922279792746,0.011363636363636364,0.24870466321243523,0.0,0.7550770241359714,0.023201389238238335,1013
327680,0.705,0.805,0.055,0.54,0.3314917127071823,0.58,0.011049723756906077,0.255,0.0,0.4003025906276889,0.021027451381087303,1013
335872,0.715,0.805,0.045,0.545,0.3404255319148936,0.585,0.010638297872340425,0.255,0.0,0.37229294260032475,0.018988613039255142,1014
344064,0.7,0.8,0.04,0.545,0.32989690721649484,0.59,0.010309278350515464,0.26,0.0,0.9097479925840162,0.04109964892268181,1014
352256,0.7,0.8,0.04,0.545,0.32663316582914576,0.59,0.010050251256281407,0.26,0.0,0.14288645025226288,0.029030239209532738,1015
360448,0.705,0.8,0.04,0.545,0.345,0.59,0.01,0.26,0.0,1.1132142608403228,0.021289346739649773,1014
368640,0.71,0.795,0.045,0.535,0.35,0.605,0.01,0.275,0.0,0.8865003655664623,0.0316489040851593,1015
376832,0.695,0.795,0.045,0.525,0.35,0.61,0.01,0.275,0.0,0.9479745135759003,0.03586377575993538,1015
385024,0.685,0.79,0.04,0.525,0.335,0.615,0.01,0.285,0.0,1.0330313715385273,0.02126135304570198,1015
393216,0.68,0.79,0.04,0.52,0.34,0.615,0.01,0.29,0.0,0.006189117673784494,0.028614304959774017,1015
401408,0.695,0.785,0.045,0.515,0.34,0.61,0.01,0.29,0.0,0.5102496939362027,0.03328682482242584,1014
409600,0.705,0.785,0.045,0.525,0.34,0.61,0.01,0.29,0.0,1.0005459061358124,0.03401670604944229,1014
417792,0.715,0.78,0.06,0.515,0.345,0.595,0.01,0.29,0.0,1.2615968184254598,0.03109627403318882,1014
425984,0.71,0.77,0.065,0.49,0.345,0.6,0.01,0.285,0.0,0.9381693148170598,0.03506513684988022,1013
434176,0.705,0.765,0.065,0.475,0.345,0.59,0.01,0.28,0.0,-0.22165929881157354,0.02284618839621544,1014
442368,0.715,0.75,0.065,0.46,0.365,0.565,0.01,0.27,0.0,-0.44736615545116365,0.024331804364919662,1014
450560,0.72,0.755,0.075,0.45,0.36,0.575,0.01,0.265,0.0,1.1038316534541082,0.018801573663949966,1015
458752,0.725,0.75,0.09,0.45,0.35,0.56,0.01,0.265,0.0,0.9323310611653142,0.017207127064466476,1016
466944,0.7,0.75,0.085,0.45,0.35,0.565,0.01,0.275,0.0,0.5514221062185243,0.02441352605819702,1016
475136,0.71,0.75,0.085,0.45,0.345,0.565,0.01,0.275,0.0,0.6353960980777629,0.020309820771217346,1017
483328,0.715,0.76,0.09,0.465,0.355,0.565,0.01,0.28,0.0,2.1199635340599343,0.022486824542284012,1017
491520,0.71,0.765,0.09,0.46,0.345,0.565,0.01,0.28,0.0,0.20136361283948645,0.027843594551086426,1017
499712,0.72,0.765,0.1,0.475,0.35,0.555,0.01,0.28,0.0,0.8910585924168117,0.03162488341331482,1017
507904,0.72,0.765,0.105,0.475,0.375,0.545,0.005,0.275,0.0,0.23997242157929577,0.031448010355234146,1016
516096,0.735,0.75,0.12,0.475,0.375,0.535,0.005,0.27,0.0,0.8086658433603588,0.024679744616150856,1016
524288,0.745,0.725,0.125,0.45,0.37,0.515,0.005,0.265,0.0,0.46415886422619224,0.03541646897792816,1015
532480,0.745,0.71,0.13,0.445,0.38,0.5,0.01,0.26,0.0,0.4244387950748205,0.019908204674720764,1015
540672,0.755,0.71,0.13,0.45,0.39,0.495,0.015,0.25,0.0,1.3458285867818631,0.02474798820912838,1015
548864,0.755,0.715,0.14,0.46,0.4,0.505,0.015,0.26,0.0,1.072190873674117,0.047396134585142136,1015
557056,0.755,0.715,0.135,0.455,0.405,0.51,0.015,0.26,0.0,0.04574625508394092,0.023783177137374878,1015
565248,0.74,0.71,0.14,0.46,0.405,0.51,0.02,0.27,0.0,0.8428352599730715,0.02061278745532036,1014
573440,0.735,0.715,0.145,0.45,0.4,0.515,0.02,0.265,0.0,0.3964292287128046,0.024678915739059448,1014
581632,0.735,0.735,0.145,0.455,0.39,0.52,0.02,0.26,0.0,0.9102902914164588,0.013326657935976982,1014
589824,0.725,0.735,0.13,0.46,0.385,0.52,0.02,0.26,0.0,1.1648788674501702,0.011267656460404396,1014
598016,0.715,0.735,0.13,0.48,0.375,0.52,0.025,0.265,0.0,1.4912462119245902,0.018530692905187607,1013
606208,0.695,0.755,0.12,0.48,0.375,0.525,0.025,0.27,0.0,0.7905253854114562,0.03090699389576912,1013
614400,0.69,0.745,0.115,0.5,0.38,0.525,0.025,0.275,0.0,1.2045833160518669,0.027500968426465988,1013
622592,0.7,0.745,0.12,0.505,0.38,0.525,0.025,0.27,0.0,0.35597582411719486,0.031869567930698395,1013
630784,0.695,0.745,0.115,0.5,0.385,0.525,0.025,0.27,0.0,0.46601221975288354,0.021051011979579926,1013
638976,0.725,0.745,0.12,0.495,0.39,0.535,0.025,0.27,0.0,0.6657771583995782,0.02793806418776512,1013
647168,0.725,0.725,0.11,0.465,0.38,0.525,0.025,0.26,0.0,0.6858150878106244,0.020872503519058228,1014
655360,0.725,0.725,0.11,0.48,0.385,0.52,0.025,0.255,0.0,0.7898213547887281,0.02960057184100151,1014
663552,0.72,0.74,0.105,0.48,0.385,0.52,0.025,0.255,0.0,1.1431855407427065,0.027173131704330444,1014
671744,0.72,0.75,0.1,0.505,0.395,0.515,0.025,0.25,0.0,1.108275386330206,0.025471698492765427,1014
679936,0.72,0.77,0.105,0.515,0.405,0.505,0.025,0.24,0.0,0.7826683784369379,0.02108677662909031,1014
688128,0.725,0.79,0.095,0.52,0.4,0.495,0.025,0.24,0.0,0.8423712547519244,0.0328061580657959,1014
696320,0.72,0.78,0.08,0.52,0.395,0.49,0.025,0.245,0.0,0.5571917540510185,0.02924829162657261,1014
704512,0.715,0.77,0.09,0.51,0.4,0.485,0.03,0.24,0.0,1.9097528932034038,0.023925477638840675,1014
712704,0.725,0.775,0.1,0.515,0.395,0.48,0.03,0.24,0.0,1.2163184676901437,0.024262357503175735,1013
720896,0.72,0.775,0.105,0.535,0.39,0.475,0.03,0.235,0.0,1.1686031256103888,0.028043877333402634,1013
729088,0.72,0.775,0.095,0.545,0.4,0.475,0.03,0.235,0.0,0.8258054758771323,0.02804415300488472,1014
737280,0.73,0.77,0.105,0.535,0.405,0.475,0.03,0.235,0.0,0.6028996736858971,0.03052118420600891,1014
745472,0.735,0.765,0.115,0.535,0.415,0.475,0.03,0.23,0.0,0.9085818266612478,0.01937894895672798,1013
753664,0.73,0.76,0.125,0.52,0.415,0.47,0.03,0.225,0.0,-0.28046447137603536,0.01427250262349844,1014
761856,0.725,0.75,0.12,0.515,0.405,0.465,0.03,0.23,0.0,0.006808743579313159,0.021600835025310516,1014
770048,0.725,0.745,0.125,0.495,0.405,0.47,0.03,0.23,0.0,0.07676745287608355,0.020177848637104034,1014
778240,0.71,0.75,0.12,0.49,0.4,0.475,0.03,0.235,0.0,0.30031251124455594,0.021246658638119698,1013
786432,0.695,0.73,0.12,0.485,0.4,0.46,0.03,0.23,0.0,0.6050399621017277,0.010354304686188698,1013
794624,0.685,0.715,0.12,0.48,0.38,0.445,0.03,0.215,0.0,-0.5634433786617592,0.026090437546372414,1013
802816,0.695,0.7,0.125,0.47,0.375,0.425,0.03,0.205,0.0,1.3686900961911306,0.016759568825364113,1013
811008,0.7,0.685,0.125,0.465,0.38,0.425,0.035,0.205,0.0,0.6611343305557966,0.026279296725988388,1013
819200,0.705,0.68,0.13,0.46,0.385,0.42,0.035,0.205,0.0,1.0561847644858062,0.029973559081554413,1013
827392,0.71,0.68,0.145,0.455,0.38,0.43,0.03,0.21,0.0,0.19324675138341263,0.024482857435941696,1013
835584,0.715,0.67,0.165,0.455,0.375,0.435,0.03,0.21,0.0,1.008308464603033,0.027822311967611313,1013
843776,0.705,0.66,0.16,0.455,0.37,0.43,0.03,0.21,0.0,0.1397557428572327,0.02027316577732563,1013
851968,0.67,0.665,0.17,0.455,0.365,0.435,0.03,0.21,0.0,0.768226938234875,0.023837044835090637,1013
860160,0.665,0.66,0.175,0.45,0.365,0.43,0.03,0.205,0.0,-0.1767016822414007,0.01866360381245613,1013
868352,0.65,0.665,0.175,0.45,0.35,0.425,0.03,0.19,0.0,0.6847920213476755,0.0158056803047657,1013
876544,0.645,0.655,0.18,0.445,0.35,0.405,0.03,0.175,0.0,1.1784610032336786,0.021769559010863304,1013
884736,0.65,0.64,0.19,0.425,0.36,0.395,0.03,0.165,0.0,0.8308360326336697,0.03244369104504585,1013
892928,0.645,0.64,0.195,0.425,0.355,0.385,0.03,0.16,0.0,0.02153865888249129,0.020686691626906395,1013
901120,0.645,0.63,0.2,0.42,0.355,0.38,0.03,0.16,0.0,-0.28654837439535186,0.01647978462278843,1013
909312,0.63,0.63,0.19,0.415,0.33,0.37,0.03,0.155,0.0,0.19001304387347773,0.01799517124891281,1013
917504,0.625,0.63,0.18,0.43,0.335,0.355,0.03,0.15,0.0,0.3773871643934399,0.025343459099531174,1014
925696,0.61,0.615,0.185,0.42,0.32,0.345,0.025,0.14,0.0,0.40367453574435785,0.02542378567159176,1014
933888,0.61,0.62,0.185,0.415,0.31,0.335,0.02,0.125,0.0,0.24859247560380027,0.02038290724158287,1014
942080,0.605,0.615,0.205,0.425,0.305,0.325,0.025,0.12,0.0,1.184169072424993,0.026589062064886093,1015
950272,0.6,0.61,0.195,0.415,0.3,0.325,0.025,0.115,0.0,0.055515487532829866,0.024995936080813408,1015
958464,0.59,0.615,0.19,0.405,0.295,0.315,0.02,0.11,0.0,0.8338597920665052,0.010068128816783428,1015
966656,0.61,0.645,0.195,0.43,0.29,0.315,0.02,0.105,0.0,0.867861041566357,0.027419893071055412,1015
974848,0.635,0.63,0.21,0.415,0.3,0.3,0.025,0.095,0.0,0.4810642068623565,0.01765608787536621,1015
983040,0.63,0.615,0.225,0.41,0.295,0.295,0.025,0.09,0.0,0.477460659109056,0.023224957287311554,1015
991232,0.625,0.635,0.225,0.435,0.305,0.29,0.03,0.09,0.0,2.026701846742071,0.011915508657693863,1015
999424,0.625,0.645,0.22,0.43,0.305,0.285,0.03,0.08,0.0,0.8365292029338889,0.022992253303527832,1015
1007616,0.61,0.635,0.21,0.425,0.3,0.28,0.03,0.08,0.0,-0.12306559894932434,0.01721625030040741,1015
1015808,0.625,0.64,0.225,0.425,0.305,0.28,0.04,0.08,0.0,0.0004358087317086756,0.019455241039395332,1015
1024000,0.63,0.65,0.23,0.425,0.29,0.28,0.04,0.08,0.0,0.40193738194648176,0.025907304137945175,1016
1032192,0.655,0.65,0.23,0.425,0.3,0.28,0.04,0.075,0.0,-0.03819944290444255,0.01709807477891445,1015
1040384,0.65,0.625,0.23,0.4,0.29,0.275,0.04,0.07,0.0,-0.2935448552016169,0.04213927686214447,1015
1048576,0.65,0.62,0.225,0.39,0.285,0.265,0.04,0.06,0.0,-0.8586769607500173,0.024347303435206413,1015
1056768,0.635,0.61,0.23,0.39,0.27,0.26,0.04,0.06,0.0,0.45731977315153927,0.033701375126838684,1015
1064960,0.625,0.61,0.22,0.38,0.27,0.26,0.04,0.06,0.0,0.04187585355248302,0.04287761449813843,1015
1073152,0.645,0.6,0.225,0.36,0.27,0.25,0.04,0.045,0.0,0.6880848644068465,0.01517998892813921,1015
1081344,0.655,0.595,0.245,0.36,0.27,0.245,0.045,0.045,0.0,0.6431203983374871,0.023081205785274506,1014
1089536,0.655,0.595,0.25,0.355,0.27,0.25,0.04,0.045,0.0,-0.12564039276912808,0.02082085981965065,1015
1097728,0.665,0.595,0.26,0.355,0.27,0.245,0.045,0.045,0.0,0.9490918096271344,0.03278292715549469,1015
1105920,0.665,0.58,0.25,0.345,0.27,0.23,0.045,0.04,0.0,0.6274157884181477,0.041481051594018936,1015
1114112,0.67,0.575,0.255,0.345,0.27,0.225,0.045,0.04,0.0,0.22018937836401165,0.0205447506159544,1015
1122304,0.665,0.585,0.24,0.355,0.26,0.22,0.045,0.04,0.0,-0.28761465719435364,0.01982823573052883,1015
1130496,0.675,0.58,0.25,0.355,0.265,0.2,0.05,0.03,0.0,0.12496561225270852,0.03080843761563301,1015
1138688,0.7,0.56,0.255,0.35,0.265,0.22,0.05,0.035,0.0,0.3518838943564333,0.021452412009239197,1015
1146880,0.705,0.545,0.26,0.345,0.265,0.215,0.05,0.03,0.0,0.5397714879945852,0.033196184784173965,1015
1155072,0.695,0.535,0.255,0.33,0.265,0.215,0.05,0.03,0.0,0.4387869428610429,0.03803922235965729,1016
1163264,0.695,0.55,0.26,0.34,0.28,0.21,0.055,0.03,0.0,1.1870998680242337,0.019459566101431847,1016
1171456,0.69,0.56,0.26,0.34,0.285,0.215,0.055,0.03,0.0,0.5264854187844321,0.013027235865592957,1016
1179648,0.705,0.54,0.255,0.325,0.295,0.21,0.055,0.025,0.0,0.4468608304159716,0.027488674968481064,1016
1187840,0.695,0.54,0.25,0.32,0.305,0.205,0.06,0.025,0.0,0.05905011121649295,0.021567387506365776,1016
1196032,0.705,0.54,0.255,0.335,0.31,0.2,0.055,0.025,0.0,0.7313850892824121,0.015400232747197151,1016
1204224,0.705,0.53,0.255,0.325,0.305,0.195,0.055,0.02,0.0,0.5079730972647667,0.020619001239538193,1016
1212416,0.705,0.535,0.25,0.325,0.31,0.19,0.055,0.02,0.0,0.2974021593108773,0.027294982224702835,1016
1220608,0.715,0.535,0.25,0.32,0.315,0.19,0.06,0.02,0.0,0.9942200208897702,0.009969249367713928,1016
1228800,0.73,0.55,0.275,0.335,0.335,0.175,0.07,0.02,0.0,1.2515285533154383,0.03786611929535866,1016
1236992,0.755,0.55,0.295,0.335,0.355,0.175,0.075,0.02,0.0,0.8980805796745699,0.030063921585679054,1016
1245184,0.775,0.54,0.3,0.33,0.365,0.175,0.075,0.025,0.0,0.02026493812445551,0.018922660499811172,1017
1253376,0.775,0.545,0.305,0.34,0.365,0.18,0.075,0.03,0.0,0.7692068093456328,0.02777405083179474,1017
1261568,0.765,0.545,0.305,0.345,0.38,0.175,0.08,0.03,0.0,0.1944147350732237,0.020297430455684662,1017
1269760,0.77,0.545,0.3,0.345,0.385,0.17,0.085,0.03,0.0,0.4798628092976287,0.0262143537402153,1017
1277952,0.79,0.54,0.305,0.335,0.39,0.165,0.09,0.03,0.0,-0.20803938660537824,0.025665219873189926,1017
1286144,0.785,0.525,0.295,0.33,0.395,0.165,0.09,0.03,0.0,-0.11529404809698462,0.016516990959644318,1018
1294336,0.785,0.535,0.31,0.345,0.4,0.165,0.095,0.03,0.0,0.9835546681424603,0.02092978172004223,1018
1302528,0.79,0.525,0.3,0.335,0.41,0.15,0.095,0.03,0.0,0.5284223039634526,0.018587809056043625,1018
1310720,0.795,0.525,0.31,0.335,0.41,0.14,0.1,0.02,0.0,1.479015818622429,0.017082106322050095,1018
1318912,0.8,0.52,0.335,0.33,0.415,0.135,0.105,0.02,0.0,1.3464515817468055,0.01524452492594719,1018
1327104,0.8,0.53,0.355,0.34,0.415,0.135,0.105,0.02,0.0,0.5639339765766636,0.02061215229332447,1018
1335296,0.815,0.55,0.36,0.34,0.42,0.135,0.11,0.02,0.0,0.3016365724033676,0.015116623602807522,1018
1343488,0.815,0.55,0.36,0.335,0.425,0.13,0.11,0.02,0.0,-0.49157791258767247,0.01335890032351017,1018
1351680,0.81,0.53,0.355,0.315,0.43,0.12,0.115,0.02,0.0,-0.1997107505449094,0.012057081796228886,1018
1359872,0.815,0.515,0.34,0.31,0.445,0.115,0.115,0.02,0.0,0.10145811963593587,0.021056709811091423,1018
1368064,0.815,0.505,0.345,0.295,0.45,0.105,0.12,0.02,0.0,0.595489167550113,0.0201960951089859,1018
1376256,0.805,0.51,0.365,0.3,0.455,0.105,0.13,0.02,0.0,1.5129254098283127,0.03227739781141281,1018
1384448,0.815,0.495,0.37,0.285,0.46,0.095,0.13,0.02,0.0,0.5841799047775567,0.01896592229604721,1018
1392640,0.825,0.51,0.375,0.295,0.475,0.1,0.13,0.02,0.0,1.5271539177629165,0.016453195363283157,1018
1400832,0.825,0.5,0.385,0.305,0.48,0.1,0.13,0.02,0.0,0.7847484376397915,0.01631205528974533,1018
1409024,0.82,0.515,0.385,0.31,0.485,0.095,0.135,0.015,0.0,1.8277921908302233,0.0326133668422699,1018
1417216,0.82,0.505,0.385,0.305,0.49,0.09,0.13,0.015,0.0,0.13537223439197987,0.03351496905088425,1019
1425408,0.815,0.505,0.37,0.305,0.505,0.085,0.13,0.015,0.0,0.5750627561355941,0.028683364391326904,1019
1433600,0.825,0.5,0.375,0.3,0.51,0.08,0.12,0.015,0.0,0.5530234735342674,0.021977707743644714,1019
1441792,0.84,0.505,0.375,0.31,0.53,0.075,0.125,0.015,0.0,1.1539813895651605,0.02612018771469593,1019
1449984,0.835,0.5,0.38,0.305,0.54,0.07,0.135,0.015,0.0,1.0916166095412336,0.012596622109413147,1018
1458176,0.84,0.515,0.385,0.315,0.555,0.07,0.135,0.015,0.0,0.8973740267392714,0.015797585248947144,1019
1466368,0.835,0.5,0.4,0.32,0.57,0.07,0.155,0.015,0.0,1.8684667372144759,0.022467337548732758,1019
1474560,0.845,0.52,0.405,0.34,0.585,0.075,0.16,0.015,0.0,2.316233860387001,0.015783119946718216,1019
1482752,0.845,0.525,0.415,0.35,0.6,0.07,0.165,0.01,0.0,1.849731166032143,0.038014862686395645,1019
1490944,0.845,0.52,0.41,0.35,0.6,0.06,0.165,0.01,0.0,1.058456321072299,0.014019470661878586,1019
1499136,0.835,0.53,0.4,0.375,0.59,0.055,0.16,0.01,0.0,1.6851035020081326,0.03371784836053848,1019
1507328,0.83,0.52,0.38,0.37,0.6,0.055,0.16,0.01,0.0,1.703833868203219,0.033793047070503235,1019
1515520,0.84,0.525,0.405,0.38,0.61,0.055,0.165,0.01,0.0,1.5901057129376568,0.02823108807206154,1019
1523712,0.845,0.53,0.435,0.395,0.625,0.055,0.18,0.01,0.0,2.4470343842403963,0.014138461090624332,1019
1531904,0.855,0.535,0.465,0.405,0.63,0.055,0.19,0.01,0.0,2.8055246142903343,0.02201724983751774,1019
1540096,0.865,0.555,0.485,0.43,0.625,0.06,0.195,0.01,0.0,3.7024609858344775,0.017913319170475006,1019
1548288,0.855,0.545,0.49,0.43,0.635,0.065,0.2,0.01,0.0,2.8381744088837877,0.020848535001277924,1019
1556480,0.855,0.555,0.49,0.445,0.635,0.065,0.2,0.015,0.0,2.3780240705236793,0.01911558210849762,1019
1564672,0.865,0.585,0.515,0.485,0.64,0.08,0.205,0.025,0.0,4.664494078606367,0.02096405252814293,1019
1572864,0.855,0.57,0.515,0.48,0.635,0.075,0.205,0.02,0.0,0.9049777803011239,0.015988480299711227,1019
1581056,0.845,0.59,0.52,0.485,0.64,0.075,0.215,0.015,0.0,1.6432797843008302,0.02161533758044243,1019
1589248,0.835,0.575,0.545,0.47,0.64,0.075,0.22,0.015,0.0,1.51995195413474,0.012408551760017872,1019
1597440,0.835,0.58,0.555,0.47,0.64,0.08,0.215,0.015,0.0,1.265970294480212,0.01581789180636406,1018
1605632,0.835,0.575,0.55,0.46,0.64,0.08,0.21,0.015,0.0,0.8597563541843556,0.015267793089151382,1018
1613824,0.82,0.56,0.54,0.445,0.645,0.085,0.22,0.015,0.0,2.0741042610025033,0.01933702453970909,1018
1622016,0.815,0.55,0.55,0.435,0.63,0.08,0.215,0.015,0.0,2.8636160712339915,0.0219896100461483,1018
1630208,0.805,0.535,0.555,0.405,0.625,0.095,0.215,0.015,0.0,1.2091076087090187,0.016486987471580505,1018
1638400,0.81,0.54,0.545,0.42,0.64,0.095,0.23,0.015,0.0,2.3477901854203083,0.02357092685997486,1018
1646592,0.83,0.56,0.575,0.435,0.635,0.105,0.235,0.015,0.0,3.671086715243291,0.027638692408800125,1018
1654784,0.825,0.57,0.58,0.44,0.645,0.105,0.24,0.015,0.0,2.016489700996317,0.015666883438825607,1019
1662976,0.825,0.57,0.58,0.435,0.65,0.105,0.245,0.015,0.0,2.7734125717543066,0.019880864769220352,1019
1671168,0.83,0.58,0.575,0.44,0.66,0.105,0.245,0.015,0.0,2.846888706088066,0.014382436871528625,1019
1679360,0.83,0.56,0.57,0.425,0.66,0.095,0.25,0.015,0.0,2.8903410719358362,0.022273603826761246,1019
1687552,0.815,0.55,0.55,0.41,0.665,0.095,0.255,0.015,0.0,3.1678629487287253,0.017238188534975052,1019
1695744,0.82,0.535,0.56,0.4,0.67,0.09,0.26,0.015,0.0,3.5120171947055496,0.024306267499923706,1019
1703936,0.825,0.525,0.55,0.39,0.68,0.09,0.29,0.015,0.0,2.201814822736196,0.025753600522875786,1019
1712128,0.82,0.535,0.555,0.405,0.66,0.09,0.29,0.015,0.0,1.695470619131811,0.02234700880944729,1019
1720320,0.82,0.545,0.555,0.41,0.665,0.09,0.3,0.015,0.0,0.36923676123842597,0.01867951825261116,1019
1728512,0.825,0.545,0.55,0.405,0.665,0.1,0.305,0.015,0.0,1.1470006094605196,0.0243519339710474,1019
1736704,0.825,0.56,0.545,0.42,0.66,0.11,0.305,0.02,0.0,2.378048034152016,0.014655781909823418,1019
1744896,0.83,0.575,0.565,0.42,0.665,0.12,0.315,0.02,0.0,1.9106410170788877,0.025924380868673325,1019
1753088,0.83,0.61,0.57,0.445,0.65,0.125,0.31,0.02,0.0,2.5782066183164716,0.009263677522540092,1019
1761280,0.825,0.635,0.57,0.47,0.65,0.125,0.305,0.02,0.0,1.6476789237349294,0.02329109236598015,1019
1769472,0.835,0.62,0.565,0.455,0.65,0.145,0.3,0.025,0.0,1.9210025395150296,0.013906845822930336,1019
1777664,0.84,0.61,0.57,0.44,0.645,0.145,0.305,0.025,0.0,1.089996731694555,0.022643117234110832,1019
1785856,0.825,0.61,0.565,0.425,0.65,0.15,0.315,0.025,0.0,2.102978536946466,0.02060229331254959,1019
1794048,0.815,0.6,0.56,0.42,0.645,0.15,0.33,0.025,0.0,2.6639913828112185,0.034841861575841904,1019
1802240,0.81,0.6,0.575,0.425,0.645,0.145,0.34,0.025,0.0,3.780856937810313,0.017475206404924393,1019
1810432,0.815,0.625,0.58,0.445,0.65,0.145,0.35,0.025,0.0,3.7407436536159366,0.0131771769374609,1019
1818624,0.82,0.62,0.575,0.44,0.655,0.14,0.34,0.025,0.0,3.0155629591317847,0.015492260456085205,1019
1826816,0.805,0.615,0.56,0.43,0.65,0.14,0.35,0.02,0.0,1.9234486098284833,0.012375288642942905,1019
1835008,0.815,0.62,0.57,0.435,0.655,0.125,0.36,0.01,0.0,1.8363978659035638,0.01969960890710354,1019
1843200,0.81,0.635,0.555,0.45,0.665,0.125,0.36,0.01,0.0,1.3395823402679525,0.011624443344771862,1019
1851392,0.82,0.605,0.55,0.44,0.67,0.12,0.36,0.01,0.0,2.4198711250792257,0.030680930241942406,1019
1859584,0.815,0.615,0.54,0.435,0.68,0.12,0.36,0.01,0.0,1.9933592137531377,0.012546456418931484,1019
1867776,0.83,0.595,0.54,0.435,0.675,0.12,0.37,0.01,0.0,1.9517497279739473,0.012362292036414146,1019
1875968,0.825,0.575,0.545,0.425,0.67,0.12,0.375,0.01,0.0,1.6899165791692212,0.02725358121097088,1019
1884160,0.825,0.56,0.56,0.41,0.675,0.13,0.375,0.01,0.0,2.9903685687459074,0.016723982989788055,1019
1892352,0.835,0.545,0.56,0.39,0.685,0.13,0.38,0.01,0.0,2.4642712739296257,0.01757103204727173,1019
1900544,0.835,0.545,0.575,0.405,0.685,0.13,0.39,0.01,0.0,3.502736104885116,0.012137366458773613,1019
1908736,0.845,0.565,0.585,0.44,0.7,0.13,0.395,0.015,0.0,3.3266798201948404,0.009331472218036652,1019
1916928,0.845,0.565,0.575,0.45,0.7,0.125,0.39,0.015,0.0,1.84544308076147,0.01936526596546173,1019
1925120,0.86,0.56,0.6,0.455,0.695,0.115,0.39,0.015,0.0,2.688915539474692,0.014536585658788681,1019
1933312,0.86,0.555,0.57,0.445,0.69,0.115,0.39,0.015,0.0,1.8525972349452786,0.011999586597084999,1019
1941504,0.855,0.53,0.555,0.425,0.685,0.115,0.385,0.015,0.0,2.466089320834726,0.011732980608940125,1019
1949696,0.85,0.54,0.56,0.425,0.685,0.12,0.375,0.02,0.0,2.390603287552949,0.02285146526992321,1019
1957888,0.845,0.545,0.57,0.425,0.685,0.125,0.38,0.02,0.0,1.3082348945026752,0.01600143499672413,1019
1966080,0.835,0.545,0.56,0.415,0.675,0.135,0.37,0.02,0.0,2.3270223150611855,0.013620694167912006,1019
1974272,0.845,0.555,0.555,0.42,0.68,0.135,0.375,0.02,0.0,1.42185778831481,0.019731588661670685,1019
1982464,0.85,0.57,0.565,0.415,0.675,0.14,0.37,0.02,0.0,1.51103645429248,0.015353397466242313,1019
1990656,0.845,0.57,0.56,0.425,0.68,0.14,0.365,0.02,0.0,1.3574124727165326,0.014134230092167854,1019
1998848,0.84,0.59,0.565,0.435,0.69,0.135,0.37,0.025,0.0,2.240613623900572,0.016651857644319534,1019
2007040,0.84,0.585,0.565,0.425,0.68,0.14,0.36,0.02,0.0,2.1182815491920337,0.011809762567281723,1019
2015232,0.84,0.6,0.545,0.435,0.67,0.135,0.355,0.02,0.0,3.088303988799453,0.02046019583940506,1019
2023424,0.84,0.6,0.55,0.45,0.675,0.12,0.36,0.02,0.0,2.655546053603757,0.00944855622947216,1019
2031616,0.835,0.605,0.555,0.435,0.685,0.12,0.365,0.015,0.0,3.0367327189887874,0.012600813060998917,1019
2039808,0.85,0.61,0.55,0.44,0.69,0.11,0.37,0.015,0.0,2.532402704237029,0.010149609297513962,1019
2048000,0.845,0.61,0.535,0.445,0.69,0.105,0.37,0.015,0.0,2.5543219483224675,0.015867840498685837,1019
2056192,0.835,0.61,0.54,0.44,0.69,0.125,0.38,0.015,0.0,2.4759322261379566,0.012242965400218964,1019
2064384,0.825,0.61,0.535,0.445,0.695,0.115,0.38,0.015,0.0,1.4451139244483784,0.018297377973794937,1019
2072576,0.85,0.62,0.55,0.435,0.72,0.12,0.385,0.015,0.0,2.532702201511711,0.016853120177984238,1020
2080768,0.85,0.595,0.54,0.41,0.72,0.12,0.395,0.015,0.0,1.6484797850134782,0.005437721498310566,1020
2088960,0.86,0.59,0.54,0.41,0.715,0.12,0.395,0.015,0.0,1.850443321338389,0.00991235114634037,1020
2097152,0.855,0.58,0.53,0.405,0.715,0.12,0.38,0.02,0.0,1.6967263726401143,0.012429196387529373,1020
2105344,0.865,0.59,0.54,0.415,0.725,0.12,0.4,0.02,0.0,3.0958034888026305,0.015302769839763641,1020
2113536,0.865,0.6,0.54,0.425,0.715,0.135,0.395,0.02,0.0,2.9785203606588766,0.0194421224296093,1020
2121728,0.855,0.6,0.54,0.425,0.705,0.135,0.395,0.02,0.0,1.341567049297737,0.01673438772559166,1020
2129920,0.865,0.605,0.52,0.44,0.715,0.135,0.395,0.02,0.0,2.200340633862652,0.024076424539089203,1020
2138112,0.865,0.61,0.535,0.445,0.715,0.135,0.39,0.02,0.0,2.194603805663064,0.010692087933421135,1020
2146304,0.87,0.605,0.545,0.435,0.725,0.135,0.4,0.02,0.0,3.000463340256829,0.01756221614778042,1020
2154496,0.87,0.605,0.535,0.445,0.71,0.14,0.395,0.02,0.0,1.610019798274152,0.018049264326691628,1020
2162688,0.87,0.605,0.53,0.45,0.71,0.14,0.4,0.02,0.0,1.7447879604878835,0.014349356293678284,1020
2170880,0.865,0.6,0.535,0.44,0.72,0.135,0.4,0.02,0.0,1.4455212203320116,0.009873103350400925,1020
2179072,0.865,0.6,0.535,0.43,0.705,0.14,0.39,0.02,0.0,1.6693642642931081,0.011508263647556305,1020
2187264,0.855,0.6,0.51,0.43,0.7,0.135,0.375,0.02,0.0,0.7526885708793998,0.018156636506319046,1020
2195456,0.855,0.59,0.515,0.42,0.7,0.13,0.375,0.02,0.0,1.4758620947832242,0.009912015870213509,1020
2203648,0.845,0.575,0.505,0.39,0.695,0.135,0.37,0.02,0.0,2.251038987771608,0.020885590463876724,1020
2211840,0.83,0.585,0.49,0.39,0.69,0.14,0.365,0.02,0.0,1.8457294913823716,0.012920575216412544,1020
2220032,0.825,0.57,0.495,0.395,0.685,0.13,0.36,0.015,0.0,2.1723920037038624,0.013538342900574207,1020
2228224,0.835,0.575,0.515,0.4,0.7,0.145,0.375,0.025,0.0,2.3337410512031056,0.01479649543762207,1020
2236416,0.83,0.575,0.51,0.405,0.7,0.15,0.385,0.025,0.0,1.2370091347256675,0.016673484817147255,1020
2244608,0.82,0.62,0.505,0.435,0.69,0.16,0.37,0.025,0.0,3.3347590069752187,0.006339500658214092,1020
2252800,0.835,0.62,0.515,0.44,0.695,0.165,0.375,0.025,0.0,2.3844663958007004,0.0053070317953825,1020
2260992,0.84,0.605,0.515,0.43,0.695,0.165,0.37,0.025,0.0,1.9004332791664638,0.01027459092438221,1020
2269184,0.84,0.6,0.505,0.425,0.705,0.17,0.37,0.025,0.0,1.8522264537750743,0.01695859432220459,1020
2277376,0.845,0.615,0.515,0.445,0.705,0.18,0.385,0.03,0.0,2.951095788681414,0.0084415627643466,1020
2285568,0.835,0.59,0.51,0.42,0.705,0.17,0.39,0.03,0.0,2.889774762385059,0.017040401697158813,1020
2293760,0.845,0.585,0.525,0.42,0.71,0.165,0.39,0.03,0.0,2.3460398982279003,0.006898180581629276,1020
2301952,0.845,0.565,0.525,0.4,0.715,0.155,0.39,0.025,0.0,1.9284930096473545,0.013980844989418983,1020
2310144,0.855,0.57,0.535,0.405,0.715,0.145,0.385,0.025,0.0,2.3351421644329093,0.014174762181937695,1020
2318336,0.85,0.595,0.52,0.435,0.71,0.15,0.385,0.03,0.0,1.6051364310260396,0.01288161426782608,1020
2326528,0.85,0.59,0.525,0.43,0.695,0.15,0.37,0.03,0.0,1.2982789025991224,0.017889291048049927,1020
2334720,0.86,0.575,0.535,0.425,0.705,0.155,0.37,0.035,0.0,1.570715689274948,0.019503701478242874,1020
2342912,0.855,0.59,0.535,0.445,0.705,0.15,0.365,0.035,0.0,2.78549915360054,0.013155641034245491,1020
2351104,0.86,0.59,0.53,0.435,0.7,0.155,0.355,0.035,0.0,0.8078898736275733,0.01494006160646677,1020
2359296,0.87,0.6,0.535,0.435,0.695,0.16,0.345,0.035,0.0,1.6677037599729374,0.012011625804007053,1020
2367488,0.87,0.605,0.535,0.445,0.69,0.155,0.325,0.035,0.0,1.8710216339095496,0.008781378157436848,1020
2375680,0.855,0.605,0.505,0.45,0.68,0.16,0.315,0.04,0.0,1.0454495790763758,0.008996953256428242,1020
2383872,0.855,0.58,0.52,0.425,0.68,0.155,0.31,0.04,0.0,2.038000788714271,0.0076385303400456905,1020
2392064,0.86,0.6,0.505,0.43,0.68,0.165,0.305,0.04,0.0,1.7410689071984962,0.012006253004074097,1020
2400256,0.86,0.61,0.505,0.44,0.68,0.17,0.29,0.04,0.0,1.9479189143166877,0.010488845407962799,1020
2408448,0.86,0.615,0.505,0.445,0.685,0.175,0.28,0.045,0.0,2.031757251388626,0.016539672389626503,1020
2416640,0.86,0.615,0.53,0.43,0.69,0.175,0.29,0.045,0.0,2.4584473277791403,0.010922912508249283,1020
2424832,0.855,0.615,0.515,0.425,0.69,0.18,0.285,0.045,0.0,1.2813820257142652,0.01766635663807392,1020
2433024,0.845,0.615,0.515,0.415,0.675,0.18,0.285,0.04